{"inputUnits":[34],"outputUnits":2,"inputs":{"0":{"dtype":"number","min":258.32046018009294,"max":367.2785506518031},"1":{"dtype":"number","min":102.81034413834064,"max":179.9477610671729},"2":{"dtype":"number","min":264.0298119855438,"max":373.43348095988665},"3":{"dtype":"number","min":97.15942338196157,"max":177.88883142304002},"4":{"dtype":"number","min":249.50045163636085,"max":359.6134884036772},"5":{"dtype":"number","min":97.62147126374421,"max":176.4838449578536},"6":{"dtype":"number","min":276.3664763155039,"max":382.89352922644065},"7":{"dtype":"number","min":105.7580221373203,"max":175.32486556798625},"8":{"dtype":"number","min":239.06846996404042,"max":345.3678855375472},"9":{"dtype":"number","min":104.43790309378045,"max":180.4834651389317},"10":{"dtype":"number","min":293.7206406621208,"max":399.280477824964},"11":{"dtype":"number","min":140.21688502202022,"max":190.322643376698},"12":{"dtype":"number","min":225.29518647965398,"max":331.73593562016475},"13":{"dtype":"number","min":138.70472593846608,"max":179.98185003477693},"14":{"dtype":"number","min":312.527167783146,"max":435.92822009824636},"15":{"dtype":"number","min":93.59295761376094,"max":235.6701957598532},"16":{"dtype":"number","min":186.25239143594663,"max":323.21860508612025},"17":{"dtype":"number","min":94.69327067771152,"max":243.05193151879263},"18":{"dtype":"number","min":290.0323658844648,"max":508.84699533324954},"19":{"dtype":"number","min":28.437115704571752,"max":292.7313113444962},"20":{"dtype":"number","min":162.81308982804504,"max":376.9209408527694},"21":{"dtype":"number","min":31.980774639642718,"max":293.20305480362146},"22":{"dtype":"number","min":287.8959599247685,"max":385.42641087582234},"23":{"dtype":"number","min":264.2178564833851,"max":291.0414299026102},"24":{"dtype":"number","min":241.8470016092817,"max":360.23284213120013},"25":{"dtype":"number","min":265.3393269142909,"max":290.13467948571514},"26":{"dtype":"number","min":272.9163644653082,"max":378.4931574741534},"27":{"dtype":"number","min":356.7146008288883,"max":385.4923169468811},"28":{"dtype":"number","min":257.17219034830725,"max":374.5181934735928},"29":{"dtype":"number","min":351.99466876351573,"max":381.15830270867593},"30":{"dtype":"number","min":269.4296913072612,"max":381.44016883061875},"31":{"dtype":"number","min":426.82412904140773,"max":466.20177389817854},"32":{"dtype":"number","min":263.58344481470056,"max":371.8605335971765},"33":{"dtype":"number","min":425.6140689961394,"max":465.86526376229745}},"outputs":{"0":{"dtype":"number","min":0,"max":100},"1":{"dtype":"number","min":0,"max":100}},"isNormalized":true}